Country_Region,Province_State,Admin2,FIPS,Updated,Confirmed,Deaths,Recovered,Active,Latitude,Longitude,Combined_Key,DAY
Brazil,"","","",2020-03-31,5717,201,127,5389,-14.235,-51.9253,Brazil,1
Brazil,"","","",2020-04-01,6836,240,127,6469,-14.235,-51.9253,Brazil,2
Brazil,"","","",2020-04-02,8044,324,127,7593,-14.235,-51.9253,Brazil,3
Brazil,"","","",2020-04-03,9056,359,127,8570,-14.235,-51.9253,Brazil,4
Brazil,"","","",2020-04-04,10360,445,127,9788,-14.235,-51.9253,Brazil,5
Brazil,"","","",2020-04-05,11130,486,127,10517,-14.235,-51.9253,Brazil,6
Brazil,"","","",2020-04-06,12161,564,127,11470,-14.235,-51.9253,Brazil,7
Brazil,"","","",2020-04-07,14034,686,127,13221,-14.235,-51.9253,Brazil,8
Brazil,"","","",2020-04-08,16170,819,127,15224,-14.235,-51.9253,Brazil,9
Brazil,"","","",2020-04-09,18092,950,173,16969,-14.235,-51.9253,Brazil,10
Brazil,"","","",2020-04-10,19638,1057,173,18408,-14.235,-51.9253,Brazil,11
Brazil,"","","",2020-04-11,20727,1124,173,19430,-14.235,-51.9253,Brazil,12
Brazil,"","","",2020-04-12,22192,1223,173,20796,-14.235,-51.9253,Brazil,13
Brazil,"","","",2020-04-13,23430,1328,173,21929,-14.235,-51.9253,Brazil,14
Brazil,"","","",2020-04-14,25262,1532,3046,20684,-14.235,-51.9253,Brazil,15
Brazil,"","","",2020-04-15,28320,1736,14026,12558,-14.235,-51.9253,Brazil,16
Brazil,"","","",2020-04-16,30425,1924,14026,14475,-14.235,-51.9253,Brazil,17
Brazil,"","","",2020-04-17,33682,2141,14026,17515,-14.235,-51.9253,Brazil,18
Brazil,"","","",2020-04-18,36658,2354,14026,20278,-14.235,-51.9253,Brazil,19
Brazil,"","","",2020-04-19,38654,2462,22130,14062,-14.235,-51.9253,Brazil,20
Brazil,"","","",2020-04-20,40743,2587,22130,16026,-14.235,-51.9253,Brazil,21
Brazil,"","","",2020-04-21,43079,2741,22991,17347,-14.235,-51.9253,Brazil,22
Brazil,"","","",2020-04-22,45757,2906,25318,17533,-14.235,-51.9253,Brazil,23
Brazil,"","","",2020-04-23,50036,3331,26573,20132,-14.235,-51.9253,Brazil,24
Brazil,"","","",2020-04-24,54043,3704,27655,22684,-14.235,-51.9253,Brazil,25
Brazil,"","","",2020-04-25,59324,4057,29160,26107,-14.235,-51.9253,Brazil,26
Brazil,"","","",2020-04-26,63100,4286,30152,28662,-14.235,-51.9253,Brazil,27
Brazil,"","","",2020-04-27,67446,4603,31142,31701,-14.235,-51.9253,Brazil,28
Brazil,"","","",2020-04-28,73235,5083,32544,35608,-14.235,-51.9253,Brazil,29
Brazil,"","","",2020-04-29,79685,5513,34132,40040,-14.235,-51.9253,Brazil,30
Brazil,"","","",2020-04-30,87187,6006,35935,45246,-14.235,-51.9253,Brazil,31
Brazil,"","","",2020-05-01,92202,6412,38039,47751,-14.235,-51.9253,Brazil,32
Brazil,"","","",2020-05-02,97100,6761,40937,49402,-14.235,-51.9253,Brazil,33
Brazil,"","","",2020-05-03,101826,7051,42991,51784,-14.235,-51.9253,Brazil,34
Brazil,"","","",2020-05-04,108620,7367,45815,55438,-14.235,-51.9253,Brazil,35
Brazil,"","","",2020-05-05,115455,7938,48221,59296,-14.235,-51.9253,Brazil,36
Brazil,"","","",2020-05-06,126611,8588,51370,66653,-14.235,-51.9253,Brazil,37
Brazil,"","","",2020-05-07,135773,9190,55350,71233,-14.235,-51.9253,Brazil,38
Brazil,"","","",2020-05-08,146894,10017,59297,77580,-14.235,-51.9253,Brazil,39
Brazil,"","","",2020-05-09,156061,10656,61685,83720,-14.235,-51.9253,Brazil,40
Brazil,"","","",2020-05-10,162699,11123,64957,86619,-14.235,-51.9253,Brazil,41
Brazil,"","","",2020-05-11,169594,11653,67384,90557,-14.235,-51.9253,Brazil,42
Brazil,"","","",2020-05-12,178214,12461,72597,93156,-14.235,-51.9253,Brazil,43
Brazil,"","","",2020-05-13,190137,13240,78424,98473,-14.235,-51.9253,Brazil,44
Brazil,"","","",2020-05-14,203165,13999,79479,109687,-14.235,-51.9253,Brazil,45
Brazil,"","","",2020-05-15,220291,14962,84970,120359,-14.235,-51.9253,Brazil,46
Brazil,"","","",2020-05-16,233511,15662,89672,128177,-14.235,-51.9253,Brazil,47
Brazil,"","","",2020-05-17,241080,16118,94122,130840,-14.235,-51.9253,Brazil,48
Brazil,"","","",2020-05-18,255368,16853,100459,138056,-14.235,-51.9253,Brazil,49
Brazil,"","","",2020-05-19,271885,17983,106794,147108,-14.235,-51.9253,Brazil,50
France,"","","",2020-03-16,6633,148,12,0,46.2276,2.2137,France,1
France,"","","",2020-03-17,7652,148,12,0,46.2276,2.2137,France,2
France,"","","",2020-03-18,9043,148,12,0,46.2276,2.2137,France,3
France,"","","",2020-03-19,10871,243,12,0,46.2276,2.2137,France,4
France,"","","",2020-03-20,12612,450,12,0,46.2276,2.2137,France,5
France,"","","",2020-03-21,14282,562,12,0,46.2276,2.2137,France,6
France,"","","",2020-03-22,16018,674,2200,13144,46.2276,2.2137,France,7
France,"","","",2020-03-23,20123,862,2207,17054,46.2276,2.2137,France,8
France,"","","",2020-03-24,22304,1100,3281,17923,46.2276,2.2137,France,9
France,"","","",2020-03-25,25233,1331,3900,20002,46.2276,2.2137,France,10
France,"","","",2020-03-26,29155,1696,4948,22511,46.2276,2.2137,France,11
France,"","","",2020-03-27,32964,1995,5700,25269,46.2276,2.2137,France,12
France,"","","",2020-03-28,37575,2314,5700,29561,46.2276,2.2137,France,13
France,"","","",2020-03-29,40174,2606,7202,30366,46.2276,2.2137,France,14
France,"","","",2020-03-30,44550,3024,7927,33599,46.2276,2.2137,France,15
France,"","","",2020-03-31,52128,3523,9444,39161,46.2276,2.2137,France,16
France,"","","",2020-04-01,56989,4032,10934,42023,46.2276,2.2137,France,17
France,"","","",2020-04-02,59105,5387,12428,41290,46.2276,2.2137,France,18
France,"","","",2020-04-03,64338,6507,14008,43823,46.2276,2.2137,France,19
France,"","","",2020-04-04,89953,7560,15438,66955,46.2276,2.2137,France,20
France,"","","",2020-04-05,92839,8078,16183,68578,46.2276,2.2137,France,21
France,"","","",2020-04-06,98010,8911,17250,71849,46.2276,2.2137,France,22
France,"","","",2020-04-07,109069,10328,19337,79404,46.2276,2.2137,France,23
France,"","","",2020-04-08,112950,10869,21254,80827,46.2276,2.2137,France,24
France,"","","",2020-04-09,117749,12210,23206,82333,46.2276,2.2137,France,25
France,"","","",2020-04-10,124869,13197,24932,86740,46.2276,2.2137,France,26
France,"","","",2020-04-11,129654,13832,26391,89431,46.2276,2.2137,France,27
France,"","","",2020-04-12,132591,14393,27186,91012,46.2276,2.2137,France,28
France,"","","",2020-04-13,136779,14967,27718,94094,46.2276,2.2137,France,29
France,"","","",2020-04-14,130253,15729,28805,85719,46.2276,2.2137,France,30
France,"","","",2020-04-15,133470,17167,30955,85348,46.2276,2.2137,France,31
France,"","","",2020-04-16,145960,17920,32812,95228,46.2276,2.2137,France,32
France,"","","",2020-04-17,147969,18681,34420,94868,46.2276,2.2137,France,33
France,"","","",2020-04-18,147969,19323,35983,92663,46.2276,2.2137,France,34
France,"","","",2020-04-19,152894,19718,36578,96598,46.2276,2.2137,France,35
France,"","","",2020-04-20,155275,20265,37409,97601,46.2276,2.2137,France,36
France,"","","",2020-04-21,158050,20796,39181,98073,46.2276,2.2137,France,37
France,"","","",2020-04-22,155860,21340,40657,93863,46.2276,2.2137,France,38
France,"","","",2020-04-23,158183,21856,42088,94239,46.2276,2.2137,France,39
France,"","","",2020-04-24,158636,22245,43493,92898,46.2276,2.2137,France,40
France,"","","",2020-04-25,160292,22614,44594,93084,46.2276,2.2137,France,41
France,"","","",2020-04-26,160847,22856,44903,93088,46.2276,2.2137,France,42
France,"","","",2020-04-27,164589,23293,45513,95783,46.2276,2.2137,France,43
France,"","","",2020-04-28,167605,23660,46886,97059,46.2276,2.2137,France,44
France,"","","",2020-04-29,165093,24087,48228,92778,46.2276,2.2137,France,45
France,"","","",2020-04-30,165764,24376,49476,91912,46.2276,2.2137,France,46
France,"","","",2020-05-01,165764,24594,50212,90958,46.2276,2.2137,France,47
France,"","","",2020-05-02,166976,24729,49751,92496,46.2276,2.2137,France,48
France,"","","",2020-05-03,167272,24864,49973,92435,46.2276,2.2137,France,49
France,"","","",2020-05-04,167886,25168,50438,92280,46.2276,2.2137,France,50
France,"","","",2020-05-05,168935,25498,51803,91634,46.2276,2.2137,France,51
France,"","","",2020-05-06,172465,25772,53022,93671,46.2276,2.2137,France,52
France,"","","",2020-05-07,173040,25949,54076,93015,46.2276,2.2137,France,53
France,"","","",2020-05-08,174318,26192,54770,93356,46.2276,2.2137,France,54
France,"","","",2020-05-09,174758,26271,54886,93601,46.2276,2.2137,France,55
France,"","","",2020-05-10,175027,26341,55062,93624,46.2276,2.2137,France,56
France,"","","",2020-05-11,175479,26604,55561,93314,46.2276,2.2137,France,57
France,"","","",2020-05-12,176198,26951,56615,92632,46.2276,2.2137,France,58
France,"","","",2020-05-13,175981,27032,57368,91581,46.2276,2.2137,France,59
France,"","","",2020-05-14,176712,27381,58300,91031,46.2276,2.2137,France,60
France,"","","",2020-05-15,177319,27485,59143,90691,46.2276,2.2137,France,61
France,"","","",2020-05-16,177207,27483,59142,90582,46.2276,2.2137,France,62
France,"","","",2020-05-17,177240,28062,59907,89271,46.2276,2.2137,France,63
France,"","","",2020-05-18,177554,28193,60416,88945,46.2276,2.2137,France,64
France,"","","",2020-05-19,178428,27976,61246,89206,46.2276,2.2137,France,65
France,"","","",2020-05-20,179069,28084,61713,89272,46.2276,2.2137,France,66
Germany,"","","",2020-03-15,5795,11,46,0,51.165691,10.451526,Germany,1
Germany,"","","",2020-03-16,7272,17,67,0,51.165691,10.451526,Germany,2
Germany,"","","",2020-03-17,9257,24,67,0,51.165691,10.451526,Germany,3
Germany,"","","",2020-03-18,12327,28,105,0,51.165691,10.451526,Germany,4
Germany,"","","",2020-03-19,15320,44,113,0,51.165691,10.451526,Germany,5
Germany,"","","",2020-03-20,19848,67,180,0,51.165691,10.451526,Germany,6
Germany,"","","",2020-03-21,22213,84,233,0,51.165691,10.451526,Germany,7
Germany,"","","",2020-03-22,24873,94,266,24513,51.165691,10.451526,Germany,8
Germany,"","","",2020-03-23,29056,123,453,28480,51.165691,10.451526,Germany,9
Germany,"","","",2020-03-24,32986,157,3243,29586,51.165691,10.451526,Germany,10
Germany,"","","",2020-03-25,37323,206,3547,33570,51.165691,10.451526,Germany,11
Germany,"","","",2020-03-26,43938,267,5673,37998,51.165691,10.451526,Germany,12
Germany,"","","",2020-03-27,50871,342,6658,43871,51.165691,10.451526,Germany,13
Germany,"","","",2020-03-28,57695,433,8481,48781,51.165691,10.451526,Germany,14
Germany,"","","",2020-03-29,62095,533,9211,52351,51.165691,10.451526,Germany,15
Germany,"","","",2020-03-30,66885,645,13500,52740,51.165691,10.451526,Germany,16
Germany,"","","",2020-03-31,71808,775,16100,54933,51.165691,10.451526,Germany,17
Germany,"","","",2020-04-01,77872,920,18700,58252,51.165691,10.451526,Germany,18
Germany,"","","",2020-04-02,84794,1107,22440,61247,51.165691,10.451526,Germany,19
Germany,"","","",2020-04-03,91159,1275,24575,65309,51.165691,10.451526,Germany,20
Germany,"","","",2020-04-04,96092,1444,26400,68248,51.165691,10.451526,Germany,21
Germany,"","","",2020-04-05,100123,1584,28700,69839,51.165691,10.451526,Germany,22
Germany,"","","",2020-04-06,103374,1810,28700,72864,51.165691,10.451526,Germany,23
Germany,"","","",2020-04-07,107663,2016,36081,69566,51.165691,10.451526,Germany,24
Germany,"","","",2020-04-08,113296,2349,46300,64647,51.165691,10.451526,Germany,25
Germany,"","","",2020-04-09,118181,2607,52407,63167,51.165691,10.451526,Germany,26
Germany,"","","",2020-04-10,122171,2767,53913,65491,51.165691,10.451526,Germany,27
Germany,"","","",2020-04-11,124908,2736,57400,64772,51.165691,10.451526,Germany,28
Germany,"","","",2020-04-12,127854,3022,60300,64532,51.165691,10.451526,Germany,29
Germany,"","","",2020-04-13,130072,3194,64300,62578,51.165691,10.451526,Germany,30
Germany,"","","",2020-04-14,131359,3294,68200,59865,51.165691,10.451526,Germany,31
Germany,"","","",2020-04-15,134753,3804,72600,58349,51.165691,10.451526,Germany,32
Germany,"","","",2020-04-16,137698,4052,77000,56646,51.165691,10.451526,Germany,33
Germany,"","","",2020-04-17,141397,4352,83114,53931,51.165691,10.451526,Germany,34
Germany,"","","",2020-04-18,143342,4459,85400,53483,51.165691,10.451526,Germany,35
Germany,"","","",2020-04-19,145184,4586,88000,52598,51.165691,10.451526,Germany,36
Germany,"","","",2020-04-20,147065,4862,91500,50703,51.165691,10.451526,Germany,37
Germany,"","","",2020-04-21,148291,5033,95200,48058,51.165691,10.451526,Germany,38
Germany,"","","",2020-04-22,150648,5279,99400,45969,51.165691,10.451526,Germany,39
Germany,"","","",2020-04-23,153129,5575,103300,44254,51.165691,10.451526,Germany,40
Germany,"","","",2020-04-24,154999,5760,109800,39439,51.165691,10.451526,Germany,41
Germany,"","","",2020-04-25,156513,5877,109800,40836,51.165691,10.451526,Germany,42
Germany,"","","",2020-04-26,157770,5976,112000,39794,51.165691,10.451526,Germany,43
Germany,"","","",2020-04-27,158758,6126,114500,38132,51.165691,10.451526,Germany,44
Germany,"","","",2020-04-28,159912,6314,117400,36198,51.165691,10.451526,Germany,45
Germany,"","","",2020-04-29,161539,6467,120400,34672,51.165691,10.451526,Germany,46
Germany,"","","",2020-04-30,163009,6623,123500,32886,51.165691,10.451526,Germany,47
Germany,"","","",2020-05-01,164077,6736,126900,30441,51.165691,10.451526,Germany,48
Germany,"","","",2020-05-02,164967,6812,129000,29155,51.165691,10.451526,Germany,49
Germany,"","","",2020-05-03,165664,6866,130600,28198,51.165691,10.451526,Germany,50
Germany,"","","",2020-05-04,166152,6993,132700,26459,51.165691,10.451526,Germany,51
Germany,"","","",2020-05-05,167007,6993,135100,24914,51.165691,10.451526,Germany,52
Germany,"","","",2020-05-06,168162,7275,139900,20987,51.165691,10.451526,Germany,53
Germany,"","","",2020-05-07,169430,7392,141700,20338,51.165691,10.451526,Germany,54
Germany,"","","",2020-05-08,170588,7510,141700,21378,51.165691,10.451526,Germany,55
Germany,"","","",2020-05-09,171324,7549,143300,20475,51.165691,10.451526,Germany,56
Germany,"","","",2020-05-10,171879,7569,144400,19910,51.165691,10.451526,Germany,57
Germany,"","","",2020-05-11,172576,7661,145617,19298,51.165691,10.451526,Germany,58
Germany,"","","",2020-05-12,173171,7738,147200,18233,51.165691,10.451526,Germany,59
Germany,"","","",2020-05-13,174098,7861,148700,17537,51.165691,10.451526,Germany,60
Iran,"","","",2020-03-07,5823,145,1669,0,32.427908,53.688046,Iran,1
Iran,"","","",2020-03-08,6566,194,2134,0,32.427908,53.688046,Iran,2
Iran,"","","",2020-03-09,7161,237,2394,0,32.427908,53.688046,Iran,3
Iran,"","","",2020-03-10,8042,291,2731,0,32.427908,53.688046,Iran,4
Iran,"","","",2020-03-11,11364,514,2959,0,32.427908,53.688046,Iran,5
Iran,"","","",2020-03-12,10075,429,2959,0,32.427908,53.688046,Iran,6
Iran,"","","",2020-03-14,12729,611,2959,0,32.427908,53.688046,Iran,7
Iran,"","","",2020-03-15,13938,724,4590,0,32.427908,53.688046,Iran,8
Iran,"","","",2020-03-16,14991,853,4590,0,32.427908,53.688046,Iran,9
Iran,"","","",2020-03-17,16169,988,5389,0,32.427908,53.688046,Iran,10
Iran,"","","",2020-03-18,17361,1135,5389,0,32.427908,53.688046,Iran,11
Iran,"","","",2020-03-19,18407,1284,5710,0,32.427908,53.688046,Iran,12
Iran,"","","",2020-03-20,19644,1433,6745,0,32.427908,53.688046,Iran,13
Iran,"","","",2020-03-21,20610,1556,7635,0,32.427908,53.688046,Iran,14
Iran,"","","",2020-03-22,21638,1685,7635,12318,32.427908,53.688046,Iran,15
Iran,"","","",2020-03-23,23049,1812,8376,12861,32.427908,53.688046,Iran,16
Iran,"","","",2020-03-24,24811,1934,8913,13964,32.427908,53.688046,Iran,17
Iran,"","","",2020-03-25,27017,2077,9625,15315,32.427908,53.688046,Iran,18
Iran,"","","",2020-03-26,29406,2234,10457,16715,32.427908,53.688046,Iran,19
Iran,"","","",2020-03-27,32332,2378,11133,18821,32.427908,53.688046,Iran,20
Iran,"","","",2020-03-28,35408,2517,11679,21212,32.427908,53.688046,Iran,21
Iran,"","","",2020-03-29,38309,2640,12391,23278,32.427908,53.688046,Iran,22
Iran,"","","",2020-03-30,41495,2757,13911,24827,32.427908,53.688046,Iran,23
Iran,"","","",2020-03-31,44605,2898,14656,27051,32.427908,53.688046,Iran,24
Iran,"","","",2020-04-01,47593,3036,15473,29084,32.427908,53.688046,Iran,25
Iran,"","","",2020-04-02,50468,3160,16711,30597,32.427908,53.688046,Iran,26
Iran,"","","",2020-04-03,53183,3294,17935,31954,32.427908,53.688046,Iran,27
Iran,"","","",2020-04-04,55743,3452,19736,32555,32.427908,53.688046,Iran,28
Iran,"","","",2020-04-05,58226,3603,19736,34887,32.427908,53.688046,Iran,29
Iran,"","","",2020-04-06,60500,3739,24236,32525,32.427908,53.688046,Iran,30
Iran,"","","",2020-04-07,62589,3872,27039,31678,32.427908,53.688046,Iran,31
Iran,"","","",2020-04-08,64586,3993,29812,30781,32.427908,53.688046,Iran,32
Iran,"","","",2020-04-09,66220,4110,32309,29801,32.427908,53.688046,Iran,33
Iran,"","","",2020-04-10,68192,4232,35465,28495,32.427908,53.688046,Iran,34
Iran,"","","",2020-04-11,70029,4357,41947,23725,32.427908,53.688046,Iran,35
Iran,"","","",2020-04-12,71686,4474,43894,23318,32.427908,53.688046,Iran,36
Iran,"","","",2020-04-13,73303,4585,45983,22735,32.427908,53.688046,Iran,37
Iran,"","","",2020-04-14,74877,4683,48129,22065,32.427908,53.688046,Iran,38
Iran,"","","",2020-04-15,76389,4777,49933,21679,32.427908,53.688046,Iran,39
Iran,"","","",2020-04-16,77995,4869,52229,20897,32.427908,53.688046,Iran,40
Iran,"","","",2020-04-17,79494,4958,54064,20472,32.427908,53.688046,Iran,41
Iran,"","","",2020-04-18,80868,5031,55987,19850,32.427908,53.688046,Iran,42
Iran,"","","",2020-04-19,82211,5118,57023,20070,32.427908,53.688046,Iran,43
Iran,"","","",2020-04-20,83505,5209,59273,19023,32.427908,53.688046,Iran,44
Iran,"","","",2020-04-21,84802,5297,60965,18540,32.427908,53.688046,Iran,45
Iran,"","","",2020-04-22,85996,5391,63113,17492,32.427908,53.688046,Iran,46
Iran,"","","",2020-04-23,87026,5481,64843,16702,32.427908,53.688046,Iran,47
Iran,"","","",2020-04-24,88194,5574,66599,16021,32.427908,53.688046,Iran,48
Iran,"","","",2020-04-25,89328,5650,68193,15485,32.427908,53.688046,Iran,49
Iran,"","","",2020-04-26,90481,5710,69657,15114,32.427908,53.688046,Iran,50
Iran,"","","",2020-04-27,91472,5806,70933,14733,32.427908,53.688046,Iran,51
Iran,"","","",2020-04-28,92584,5877,72439,14268,32.427908,53.688046,Iran,52
Iran,"","","",2020-04-29,93657,5957,73791,13909,32.427908,53.688046,Iran,53
Iran,"","","",2020-04-30,94640,6028,75103,13509,32.427908,53.688046,Iran,54
Iran,"","","",2020-05-01,95646,6091,76318,13237,32.427908,53.688046,Iran,55
Iran,"","","",2020-05-02,96448,6156,77350,12942,32.427908,53.688046,Iran,56
Iran,"","","",2020-05-03,97424,6203,78422,12799,32.427908,53.688046,Iran,57
Iran,"","","",2020-05-04,98647,6277,79379,12991,32.427908,53.688046,Iran,58
Iran,"","","",2020-05-05,99970,6340,80475,13155,32.427908,53.688046,Iran,59
Iran,"","","",2020-05-06,101650,6418,81587,13645,32.427908,53.688046,Iran,60
Iran,"","","",2020-05-07,103135,6486,82744,13905,32.427908,53.688046,Iran,61
Iran,"","","",2020-05-08,104691,6541,83837,14313,32.427908,53.688046,Iran,62
Iran,"","","",2020-05-09,106220,6589,85064,14567,32.427908,53.688046,Iran,63
Iran,"","","",2020-05-10,107603,6640,86143,14820,32.427908,53.688046,Iran,64
Iran,"","","",2020-05-11,109286,6685,87422,15179,32.427908,53.688046,Iran,65
Iran,"","","",2020-05-12,110767,6733,88357,15677,32.427908,53.688046,Iran,66
Iran,"","","",2020-05-13,112725,6783,89428,16514,32.427908,53.688046,Iran,67
Iran,"","","",2020-05-14,114533,6854,90539,17140,32.427908,53.688046,Iran,68
Iran,"","","",2020-05-15,116635,6902,91836,17897,32.427908,53.688046,Iran,69
Iran,"","","",2020-05-16,118392,6937,93147,18308,32.427908,53.688046,Iran,70
Iran,"","","",2020-05-17,120198,6988,94464,18746,32.427908,53.688046,Iran,71
Iran,"","","",2020-05-18,122492,7057,95661,19774,32.427908,53.688046,Iran,72
Iran,"","","",2020-05-19,124603,7119,97173,20311,32.427908,53.688046,Iran,73
Iran,"","","",2020-05-20,126949,7183,98808,20958,32.427908,53.688046,Iran,74
Italy,"","","",2020-03-07,5883,233,589,0,41.87194,12.56738,Italy,1
Italy,"","","",2020-03-08,7375,366,622,0,41.87194,12.56738,Italy,2
Italy,"","","",2020-03-09,9172,463,724,0,41.87194,12.56738,Italy,3
Italy,"","","",2020-03-10,10149,631,724,0,41.87194,12.56738,Italy,4
Italy,"","","",2020-03-11,17660,1266,1439,0,41.87194,12.56738,Italy,5
Italy,"","","",2020-03-14,24747,1809,2335,0,41.87194,12.56738,Italy,6
Italy,"","","",2020-03-16,27980,2158,2749,0,41.87194,12.56738,Italy,7
Italy,"","","",2020-03-17,31506,2503,2941,0,41.87194,12.56738,Italy,8
Italy,"","","",2020-03-18,35713,2978,4025,0,41.87194,12.56738,Italy,9
Italy,"","","",2020-03-19,41035,3405,4440,0,41.87194,12.56738,Italy,10
Italy,"","","",2020-03-20,47021,4032,4440,0,41.87194,12.56738,Italy,11
Italy,"","","",2020-03-21,53578,4825,6072,0,41.87194,12.56738,Italy,12
Italy,"","","",2020-03-22,59138,5476,7024,0,41.87194,12.56738,Italy,13
Italy,"","","",2020-03-23,63927,6077,7432,0,41.87194,12.56738,Italy,14
Italy,"","","",2020-03-24,69176,6820,8326,54030,41.87194,12.56738,Italy,15
Italy,"","","",2020-03-25,74386,7503,9362,57521,41.87194,12.56738,Italy,16
Italy,"","","",2020-03-26,80589,8215,10361,62013,41.87194,12.56738,Italy,17
Italy,"","","",2020-03-27,86498,9134,10950,66414,41.87194,12.56738,Italy,18
Italy,"","","",2020-03-28,92472,10023,12384,70065,41.87194,12.56738,Italy,19
Italy,"","","",2020-03-29,97689,10779,13030,73880,41.87194,12.56738,Italy,20
Italy,"","","",2020-03-30,101739,11591,14620,75528,41.87194,12.56738,Italy,21
Italy,"","","",2020-03-31,105792,12428,15729,77635,41.87194,12.56738,Italy,22
Italy,"","","",2020-04-01,110574,13155,16847,80572,41.87194,12.56738,Italy,23
Italy,"","","",2020-04-02,115242,13915,18278,83049,41.87194,12.56738,Italy,24
Italy,"","","",2020-04-03,119827,14681,19758,85388,41.87194,12.56738,Italy,25
Italy,"","","",2020-04-04,124632,15362,20996,88274,41.87194,12.56738,Italy,26
Italy,"","","",2020-04-05,128948,15887,21815,91246,41.87194,12.56738,Italy,27
Italy,"","","",2020-04-06,132547,16523,22837,93187,41.87194,12.56738,Italy,28
Italy,"","","",2020-04-07,135586,17127,24392,94067,41.87194,12.56738,Italy,29
Italy,"","","",2020-04-08,139422,17669,26491,95262,41.87194,12.56738,Italy,30
Italy,"","","",2020-04-09,143626,18279,28470,96877,41.87194,12.56738,Italy,31
Italy,"","","",2020-04-10,147577,18849,30455,98273,41.87194,12.56738,Italy,32
Italy,"","","",2020-04-11,152271,19468,32534,100269,41.87194,12.56738,Italy,33
Italy,"","","",2020-04-12,156363,19899,34211,102253,41.87194,12.56738,Italy,34
Italy,"","","",2020-04-13,159516,20465,35435,103616,41.87194,12.56738,Italy,35
Italy,"","","",2020-04-14,162488,21067,37130,104291,41.87194,12.56738,Italy,36
Italy,"","","",2020-04-15,165155,21645,38092,105418,41.87194,12.56738,Italy,37
Italy,"","","",2020-04-16,168941,22170,40164,106607,41.87194,12.56738,Italy,38
Italy,"","","",2020-04-17,172434,22745,42727,106962,41.87194,12.56738,Italy,39
Italy,"","","",2020-04-18,175925,23227,44927,107771,41.87194,12.56738,Italy,40
Italy,"","","",2020-04-19,178972,23660,47055,108257,41.87194,12.56738,Italy,41
Italy,"","","",2020-04-20,181228,24114,48877,108237,41.87194,12.56738,Italy,42
Italy,"","","",2020-04-21,183957,24648,51600,107709,41.87194,12.56738,Italy,43
Italy,"","","",2020-04-22,187327,25085,54543,107699,41.87194,12.56738,Italy,44
Italy,"","","",2020-04-23,189973,25549,57576,106848,41.87194,12.56738,Italy,45
Italy,"","","",2020-04-24,192994,25969,60498,106527,41.87194,12.56738,Italy,46
Italy,"","","",2020-04-25,195351,26384,63120,105847,41.87194,12.56738,Italy,47
Italy,"","","",2020-04-26,197675,26644,64928,106103,41.87194,12.56738,Italy,48
Italy,"","","",2020-04-27,199414,26977,66624,105813,41.87194,12.56738,Italy,49
Italy,"","","",2020-04-28,201505,27359,68941,105205,41.87194,12.56738,Italy,50
Italy,"","","",2020-04-29,203591,27682,71252,104657,41.87194,12.56738,Italy,51
Italy,"","","",2020-04-30,205463,27967,75945,101551,41.87194,12.56738,Italy,52
Italy,"","","",2020-05-01,207428,28236,78249,100943,41.87194,12.56738,Italy,53
Italy,"","","",2020-05-02,209328,28710,79914,100704,41.87194,12.56738,Italy,54
Italy,"","","",2020-05-03,210717,28884,81654,100179,41.87194,12.56738,Italy,55
Italy,"","","",2020-05-04,211938,29079,82879,99980,41.87194,12.56738,Italy,56
Italy,"","","",2020-05-05,213013,29315,85231,98467,41.87194,12.56738,Italy,57
Italy,"","","",2020-05-06,214457,29684,93245,91528,41.87194,12.56738,Italy,58
Italy,"","","",2020-05-07,215858,29958,96276,89624,41.87194,12.56738,Italy,59
Italy,"","","",2020-05-08,217185,30201,99023,87961,41.87194,12.56738,Italy,60
Italy,"","","",2020-05-09,218268,30395,103031,84842,41.87194,12.56738,Italy,61
Italy,"","","",2020-05-10,219070,30560,105186,83324,41.87194,12.56738,Italy,62
Italy,"","","",2020-05-11,219814,30739,106587,82488,41.87194,12.56738,Italy,63
Italy,"","","",2020-05-12,221216,30911,109039,81266,41.87194,12.56738,Italy,64
Italy,"","","",2020-05-13,222104,31106,112541,78457,41.87194,12.56738,Italy,65
Russia,"","","",2020-04-05,5389,45,355,4989,61.52401,105.318756,Russia,1
Russia,"","","",2020-04-06,6343,47,406,5890,61.52401,105.318756,Russia,2
Russia,"","","",2020-04-07,7497,58,494,6945,61.52401,105.318756,Russia,3
Russia,"","","",2020-04-08,8672,63,580,8029,61.52401,105.318756,Russia,4
Russia,"","","",2020-04-09,10131,76,698,9357,61.52401,105.318756,Russia,5
Russia,"","","",2020-04-10,11917,94,795,11028,61.52401,105.318756,Russia,6
Russia,"","","",2020-04-11,13584,106,1045,12433,61.52401,105.318756,Russia,7
Russia,"","","",2020-04-12,15770,130,1291,14349,61.52401,105.318756,Russia,8
Russia,"","","",2020-04-13,18328,148,1470,16710,61.52401,105.318756,Russia,9
Russia,"","","",2020-04-14,21102,170,1694,19238,61.52401,105.318756,Russia,10
Russia,"","","",2020-04-15,24490,198,1986,22306,61.52401,105.318756,Russia,11
Russia,"","","",2020-04-16,27938,232,2304,25402,61.52401,105.318756,Russia,12
Russia,"","","",2020-04-17,32008,273,2590,29145,61.52401,105.318756,Russia,13
Russia,"","","",2020-04-18,36793,313,3057,33423,61.52401,105.318756,Russia,14
Russia,"","","",2020-04-19,42853,361,3291,39201,61.52401,105.318756,Russia,15
Russia,"","","",2020-04-20,47121,405,3446,43270,61.52401,105.318756,Russia,16
Russia,"","","",2020-04-21,52763,456,3873,48434,61.52401,105.318756,Russia,17
Russia,"","","",2020-04-22,57999,513,4420,53066,61.52401,105.318756,Russia,18
Russia,"","","",2020-04-23,62773,555,4891,57327,61.52401,105.318756,Russia,19
Russia,"","","",2020-04-24,68622,615,5568,62439,61.52401,105.318756,Russia,20
Russia,"","","",2020-04-25,74588,681,6250,67657,61.52401,105.318756,Russia,21
Russia,"","","",2020-04-26,80949,747,6767,73435,61.52401,105.318756,Russia,22
Russia,"","","",2020-04-27,87147,794,7346,79007,61.52401,105.318756,Russia,23
Russia,"","","",2020-04-28,93558,867,8456,84235,61.52401,105.318756,Russia,24
Russia,"","","",2020-04-29,99399,972,10286,88141,61.52401,105.318756,Russia,25
Russia,"","","",2020-04-30,106498,1073,11619,93806,61.52401,105.318756,Russia,26
Russia,"","","",2020-05-01,114431,1169,13220,100042,61.52401,105.318756,Russia,27
Russia,"","","",2020-05-02,124054,1222,15013,107819,61.52401,105.318756,Russia,28
Russia,"","","",2020-05-03,134687,1280,16639,116768,61.52401,105.318756,Russia,29
Russia,"","","",2020-05-04,145268,1356,18095,125817,61.52401,105.318756,Russia,30
Russia,"","","",2020-05-05,155370,1451,19865,134054,61.52401,105.318756,Russia,31
Russia,"","","",2020-05-06,165929,1537,21327,143065,61.52401,105.318756,Russia,32
Russia,"","","",2020-05-07,177160,1625,23803,151732,61.52401,105.318756,Russia,33
Russia,"","","",2020-05-08,187859,1723,26608,159528,61.52401,105.318756,Russia,34
Russia,"","","",2020-05-09,198676,1827,31916,164933,61.52401,105.318756,Russia,35
Russia,"","","",2020-05-10,209688,1915,34306,173467,61.52401,105.318756,Russia,36
Russia,"","","",2020-05-11,221344,2009,39801,179534,61.52401,105.318756,Russia,37
Russia,"","","",2020-05-12,232243,2116,43512,186615,61.52401,105.318756,Russia,38
Russia,"","","",2020-05-13,242271,2212,48003,192056,61.52401,105.318756,Russia,39
Russia,"","","",2020-05-14,252245,2305,53530,196410,61.52401,105.318756,Russia,40
Russia,"","","",2020-05-15,262843,2418,58226,202199,61.52401,105.318756,Russia,41
Russia,"","","",2020-05-16,272043,2537,63166,206340,61.52401,105.318756,Russia,42
Russia,"","","",2020-05-17,281752,2631,67373,211748,61.52401,105.318756,Russia,43
Russia,"","","",2020-05-18,290678,2722,70209,217747,61.52401,105.318756,Russia,44
Russia,"","","",2020-05-19,299941,2837,76130,220974,61.52401,105.318756,Russia,45
Russia,"","","",2020-05-20,308705,2972,85392,220341,61.52401,105.318756,Russia,46
Spain,"","","",2020-03-11,5232,133,193,0,40.463667,-3.74922,Spain,1
Spain,"","","",2020-03-14,6391,195,517,0,40.463667,-3.74922,Spain,2
Spain,"","","",2020-03-15,7798,289,517,0,40.463667,-3.74922,Spain,3
Spain,"","","",2020-03-16,9942,342,530,0,40.463667,-3.74922,Spain,4
Spain,"","","",2020-03-17,11748,533,1028,0,40.463667,-3.74922,Spain,5
Spain,"","","",2020-03-18,13910,623,1081,0,40.463667,-3.74922,Spain,6
Spain,"","","",2020-03-19,17963,830,1107,0,40.463667,-3.74922,Spain,7
Spain,"","","",2020-03-20,20410,1043,1588,0,40.463667,-3.74922,Spain,8
Spain,"","","",2020-03-21,25374,1375,2125,0,40.463667,-3.74922,Spain,9
Spain,"","","",2020-03-22,28603,1756,2125,24722,40.463667,-3.74922,Spain,10
Spain,"","","",2020-03-23,35136,2311,3355,29470,40.463667,-3.74922,Spain,11
Spain,"","","",2020-03-24,39885,2808,3794,33283,40.463667,-3.74922,Spain,12
Spain,"","","",2020-03-25,49515,3647,5367,40501,40.463667,-3.74922,Spain,13
Spain,"","","",2020-03-26,57786,4365,7015,46406,40.463667,-3.74922,Spain,14
Spain,"","","",2020-03-27,65719,5138,9357,51224,40.463667,-3.74922,Spain,15
Spain,"","","",2020-03-28,73235,5982,12285,54968,40.463667,-3.74922,Spain,16
Spain,"","","",2020-03-29,80110,6803,14709,58598,40.463667,-3.74922,Spain,17
Spain,"","","",2020-03-30,87956,7716,16780,63460,40.463667,-3.74922,Spain,18
Spain,"","","",2020-03-31,95923,8464,19259,68200,40.463667,-3.74922,Spain,19
Spain,"","","",2020-04-01,104118,9387,22647,72084,40.463667,-3.74922,Spain,20
Spain,"","","",2020-04-02,112065,10348,26743,74974,40.463667,-3.74922,Spain,21
Spain,"","","",2020-04-03,119199,11198,30513,77488,40.463667,-3.74922,Spain,22
Spain,"","","",2020-04-04,126168,11947,34219,80002,40.463667,-3.74922,Spain,23
Spain,"","","",2020-04-05,131646,12641,38080,80925,40.463667,-3.74922,Spain,24
Spain,"","","",2020-04-06,136675,13341,40437,82897,40.463667,-3.74922,Spain,25
Spain,"","","",2020-04-07,141942,14045,43208,84689,40.463667,-3.74922,Spain,26
Spain,"","","",2020-04-08,148220,14792,48021,85407,40.463667,-3.74922,Spain,27
Spain,"","","",2020-04-09,153222,15447,52165,85610,40.463667,-3.74922,Spain,28
Spain,"","","",2020-04-10,158273,16081,55668,86524,40.463667,-3.74922,Spain,29
Spain,"","","",2020-04-11,163027,16606,59109,87312,40.463667,-3.74922,Spain,30
Spain,"","","",2020-04-12,166831,17209,62391,87231,40.463667,-3.74922,Spain,31
Spain,"","","",2020-04-13,170099,17756,64727,87616,40.463667,-3.74922,Spain,32
Spain,"","","",2020-04-14,172541,18056,67504,86981,40.463667,-3.74922,Spain,33
Spain,"","","",2020-04-15,177644,18708,70853,88083,40.463667,-3.74922,Spain,34
Spain,"","","",2020-04-16,184948,19315,74797,90836,40.463667,-3.74922,Spain,35
Spain,"","","",2020-04-17,190839,20002,74797,96040,40.463667,-3.74922,Spain,36
Spain,"","","",2020-04-18,191726,20043,74797,96886,40.463667,-3.74922,Spain,37
Spain,"","","",2020-04-19,198674,20453,77357,100864,40.463667,-3.74922,Spain,38
Spain,"","","",2020-04-20,200210,20852,80587,98771,40.463667,-3.74922,Spain,39
Spain,"","","",2020-04-21,204178,21282,82514,100382,40.463667,-3.74922,Spain,40
Spain,"","","",2020-04-22,208389,21717,85915,100757,40.463667,-3.74922,Spain,41
Spain,"","","",2020-04-23,213024,22157,89250,101617,40.463667,-3.74922,Spain,42
Spain,"","","",2020-04-24,219764,22524,92355,104885,40.463667,-3.74922,Spain,43
Spain,"","","",2020-04-25,223759,22902,95708,105149,40.463667,-3.74922,Spain,44
Spain,"","","",2020-04-26,226629,23190,117727,85712,40.463667,-3.74922,Spain,45
Spain,"","","",2020-04-27,229422,23521,120832,85069,40.463667,-3.74922,Spain,46
Spain,"","","",2020-04-28,232128,23822,123903,84403,40.463667,-3.74922,Spain,47
Spain,"","","",2020-04-29,236899,24275,132929,79695,40.463667,-3.74922,Spain,48
Spain,"","","",2020-04-30,213435,24543,112050,76842,40.463667,-3.74922,Spain,49
Spain,"","","",2020-05-01,213435,24543,112050,76842,40.463667,-3.74922,Spain,50
Spain,"","","",2020-05-02,216582,25100,117248,74234,40.463667,-3.74922,Spain,51
Spain,"","","",2020-05-03,217466,25264,118902,73300,40.463667,-3.74922,Spain,52
Spain,"","","",2020-05-04,218011,25428,121343,71240,40.463667,-3.74922,Spain,53
Spain,"","","",2020-05-05,219329,25613,123486,70230,40.463667,-3.74922,Spain,54
Spain,"","","",2020-05-06,220325,25857,126002,68466,40.463667,-3.74922,Spain,55
Spain,"","","",2020-05-07,221447,26070,128511,66866,40.463667,-3.74922,Spain,56
Spain,"","","",2020-05-08,222857,26299,131148,65410,40.463667,-3.74922,Spain,57
Spain,"","","",2020-05-09,223578,26478,133952,63148,40.463667,-3.74922,Spain,58
Spain,"","","",2020-05-10,224350,26621,136166,61563,40.463667,-3.74922,Spain,59
Spain,"","","",2020-05-11,227436,26744,137139,63553,40.463667,-3.74922,Spain,60
Spain,"","","",2020-05-12,228030,26920,138980,62130,40.463667,-3.74922,Spain,61
Spain,"","","",2020-05-13,228691,27104,140823,60764,40.463667,-3.74922,Spain,62
Turkey,"","","",2020-03-27,5698,92,42,5564,38.9637,35.2433,Turkey,1
Turkey,"","","",2020-03-28,7402,108,70,7224,38.9637,35.2433,Turkey,2
Turkey,"","","",2020-03-29,9217,131,105,8981,38.9637,35.2433,Turkey,3
Turkey,"","","",2020-03-30,10827,168,162,10497,38.9637,35.2433,Turkey,4
Turkey,"","","",2020-03-31,13531,214,243,13074,38.9637,35.2433,Turkey,5
Turkey,"","","",2020-04-01,15679,277,333,15069,38.9637,35.2433,Turkey,6
Turkey,"","","",2020-04-02,18135,356,415,17364,38.9637,35.2433,Turkey,7
Turkey,"","","",2020-04-03,20921,425,484,20012,38.9637,35.2433,Turkey,8
Turkey,"","","",2020-04-04,23934,501,786,22647,38.9637,35.2433,Turkey,9
Turkey,"","","",2020-04-05,27069,574,1042,25453,38.9637,35.2433,Turkey,10
Turkey,"","","",2020-04-06,30217,649,1326,28242,38.9637,35.2433,Turkey,11
Turkey,"","","",2020-04-07,34109,725,1582,31802,38.9637,35.2433,Turkey,12
Turkey,"","","",2020-04-08,38226,812,1846,35568,38.9637,35.2433,Turkey,13
Turkey,"","","",2020-04-09,42282,908,2142,39232,38.9637,35.2433,Turkey,14
Turkey,"","","",2020-04-10,47029,1006,2423,43600,38.9637,35.2433,Turkey,15
Turkey,"","","",2020-04-11,52167,1101,2965,48101,38.9637,35.2433,Turkey,16
Turkey,"","","",2020-04-12,56956,1198,3446,52312,38.9637,35.2433,Turkey,17
Turkey,"","","",2020-04-13,61049,1296,3957,55796,38.9637,35.2433,Turkey,18
Turkey,"","","",2020-04-14,65111,1403,4799,58909,38.9637,35.2433,Turkey,19
Turkey,"","","",2020-04-15,69392,1518,5674,62200,38.9637,35.2433,Turkey,20
Turkey,"","","",2020-04-16,74193,1643,7089,65461,38.9637,35.2433,Turkey,21
Turkey,"","","",2020-04-17,78546,1769,8631,68146,38.9637,35.2433,Turkey,22
Turkey,"","","",2020-04-18,82329,1890,10453,69986,38.9637,35.2433,Turkey,23
Turkey,"","","",2020-04-19,86306,2017,11976,72313,38.9637,35.2433,Turkey,24
Turkey,"","","",2020-04-20,90980,2140,13430,75410,38.9637,35.2433,Turkey,25
Turkey,"","","",2020-04-21,95591,2259,14918,78414,38.9637,35.2433,Turkey,26
Turkey,"","","",2020-04-22,98674,2376,16477,79821,38.9637,35.2433,Turkey,27
Turkey,"","","",2020-04-23,101790,2491,18491,80808,38.9637,35.2433,Turkey,28
Turkey,"","","",2020-04-24,104912,2600,21737,80575,38.9637,35.2433,Turkey,29
Turkey,"","","",2020-04-25,107773,2706,25582,79485,38.9637,35.2433,Turkey,30
Turkey,"","","",2020-04-26,110130,2805,29140,78185,38.9637,35.2433,Turkey,31
Turkey,"","","",2020-04-27,112261,2900,33791,75570,38.9637,35.2433,Turkey,32
Turkey,"","","",2020-04-28,114653,2992,38809,72852,38.9637,35.2433,Turkey,33
Turkey,"","","",2020-04-29,117589,3081,44040,70468,38.9637,35.2433,Turkey,34
Turkey,"","","",2020-04-30,120204,3174,48886,68144,38.9637,35.2433,Turkey,35
Turkey,"","","",2020-05-01,122392,3258,53808,65326,38.9637,35.2433,Turkey,36
Turkey,"","","",2020-05-02,124375,3336,58259,62780,38.9637,35.2433,Turkey,37
Turkey,"","","",2020-05-03,126045,3397,63151,59497,38.9637,35.2433,Turkey,38
Turkey,"","","",2020-05-04,127659,3461,68166,56032,38.9637,35.2433,Turkey,39
Turkey,"","","",2020-05-05,129491,3520,73285,52686,38.9637,35.2433,Turkey,40
Turkey,"","","",2020-05-06,131744,3584,78202,49958,38.9637,35.2433,Turkey,41
Turkey,"","","",2020-05-07,133721,3641,82984,47096,38.9637,35.2433,Turkey,42
Turkey,"","","",2020-05-08,135569,3689,86396,45484,38.9637,35.2433,Turkey,43
Turkey,"","","",2020-05-09,137115,3739,89480,43896,38.9637,35.2433,Turkey,44
Turkey,"","","",2020-05-10,138657,3786,92691,42180,38.9637,35.2433,Turkey,45
Turkey,"","","",2020-05-11,139771,3841,95780,40150,38.9637,35.2433,Turkey,46
Turkey,"","","",2020-05-12,141475,3894,98889,38692,38.9637,35.2433,Turkey,47
Turkey,"","","",2020-05-13,143114,3952,101715,37447,38.9637,35.2433,Turkey,48
Turkey,"","","",2020-05-14,144749,4007,104030,36712,38.9637,35.2433,Turkey,49
Turkey,"","","",2020-05-15,146457,4055,106133,36269,38.9637,35.2433,Turkey,50
Turkey,"","","",2020-05-16,148067,4096,108137,35834,38.9637,35.2433,Turkey,51
Turkey,"","","",2020-05-17,149435,4140,109962,35333,38.9637,35.2433,Turkey,52
Turkey,"","","",2020-05-18,150593,4171,111577,34845,38.9637,35.2433,Turkey,53
Turkey,"","","",2020-05-19,151615,4199,112895,34521,38.9637,35.2433,Turkey,54
Turkey,"","","",2020-05-20,152587,4222,113987,34378,38.9637,35.2433,Turkey,55
US,"","","",2020-03-17,6287,108,17,0,40,-100,US,1
US,"","","",2020-03-18,7446,115,0,0,40,-100,US,2
US,"","","",2020-03-19,13603,199,0,0,40,-100,US,3
US,"","","",2020-03-20,19056,244,0,0,40,-100,US,4
US,"","","",2020-03-21,25334,304,0,0,40,-100,US,5
US,"","","",2020-03-22,33644,425,0,0,40,-100,US,6
US,"","","",2020-03-23,43667,552,0,0,40,-100,US,7
US,"","","",2020-03-24,53740,706,348,0,40,-100,US,8
US,"","","",2020-03-25,65778,942,361,0,40,-100,US,9
US,"","","",2020-03-26,83836,1209,681,0,40,-100,US,10
US,"","","",2020-03-27,101657,1581,869,0,40,-100,US,11
US,"","","",2020-03-28,121478,2026,1072,0,40,-100,US,12
US,"","","",2020-03-29,140886,2467,2665,0,40,-100,US,13
US,"","","",2020-03-30,161807,2978,5644,0,40,-100,US,14
US,"","","",2020-03-31,188172,3873,7024,0,40,-100,US,15
US,"","","",2020-04-01,213372,4757,8474,0,40,-100,US,16
US,"","","",2020-04-02,243599,5926,9001,0,40,-100,US,17
US,"","","",2020-04-03,275586,7087,9707,0,40,-100,US,18
US,"","","",2020-04-04,308853,8407,14652,0,40,-100,US,19
US,"","","",2020-04-05,337072,9619,17448,0,40,-100,US,20
US,"","","",2020-04-06,366667,10783,19581,0,40,-100,US,21
US,"","","",2020-04-07,396223,12722,21763,0,40,-100,US,22
US,"","","",2020-04-08,429052,14695,23559,0,40,-100,US,23
US,"","","",2020-04-09,461437,16478,25410,0,40,-100,US,24
US,"","","",2020-04-10,496535,18586,28790,0,40,-100,US,25
US,"","","",2020-04-11,526396,20462,31270,0,40,-100,US,26
US,"","","",2020-04-12,555313,22019,32988,500306,40,-100,US,27
US,"","","",2020-04-13,580619,23528,43482,615609,40,-100,US,28
US,"","","",2020-04-14,607670,25831,47763,534076,40,-100,US,29
US,"","","",2020-04-15,636350,28325,52096,555929,40,-100,US,30
US,"","","",2020-04-16,667801,32916,54703,580182,40,-100,US,31
US,"","","",2020-04-17,699706,36773,58545,604388,40,-100,US,32
US,"","","",2020-04-18,732197,38664,64840,628693,40,-100,US,33
US,"","","",2020-04-19,759086,40661,70337,648088,40,-100,US,34
US,"","","",2020-04-20,784326,42094,72329,669903,40,-100,US,35
US,"","","",2020-04-21,811865,44444,75204,692217,40,-100,US,36
US,"","","",2020-04-22,840220,46622,77366,716232,40,-100,US,37
US,"","","",2020-04-23,751565,45369,80203,625993,40,-100,US,38
US,"","","",2020-04-24,784216,47184,99079,637953,40,-100,US,39
US,"","","",2020-04-25,811124,48872,100372,661880,40,-100,US,40
US,"","","",2020-04-26,835996,49892,106988,679116,40,-100,US,41
US,"","","",2020-04-27,856690,51106,111424,694160,40,-100,US,42
US,"","","",2020-04-28,1012582,58355,115936,838291,40,-100,US,43
US,"","","",2020-04-29,1039909,60967,120720,858222,40,-100,US,44
US,"","","",2020-04-30,1069424,62996,153947,878169,40,-100,US,45
US,"","","",2020-05-01,1103461,64943,164015,903178,40,-100,US,46
US,"","","",2020-05-02,1132539,66369,175382,917894,40,-100,US,47
US,"","","",2020-05-03,1158040,67682,180152,939851,40,-100,US,48
US,"","","",2020-05-04,1180375,68922,187180,954281,40,-100,US,49
US,"","","",2020-05-05,1204351,71064,189791,972526,40,-100,US,50
US,"","","",2020-05-06,1228603,73431,189910,987827,40,-100,US,51
US,"","","",2020-05-07,1257023,75662,195036,1011058,40,-100,US,52
US,"","","",2020-05-08,1283929,77180,198993,1027704,40,-100,US,53
US,"","","",2020-05-09,1309550,78795,212534,1033324,40,-100,US,54
US,"","","",2020-05-10,1329260,79526,216169,1043141,40,-100,US,55
US,"","","",2020-05-11,1347881,80682,232733,1051488,40,-100,US,56
US,"","","",2020-05-12,1369574,82376,230287,1057473,40,-100,US,57
US,"","","",2020-05-13,1390406,84119,243430,1067859,40,-100,US,58
US,"","","",2020-05-14,1417774,85898,246414,1085191,40,-100,US,59
US,"","","",2020-05-15,1442824,87530,250747,1102212,40,-100,US,60
US,"","","",2020-05-16,1467820,88754,268376,1111939,40,-100,US,61
US,"","","",2020-05-17,1486757,89562,272265,1122366,40,-100,US,62
US,"","","",2020-05-18,1508308,90347,283178,1135016,40,-100,US,63
US,"","","",2020-05-19,1528568,91921,289392,1144851,40,-100,US,64
US,"","","",2020-05-20,1551853,93439,294312,1162407,40,-100,US,65
United Kingdom,"","","",2020-03-21,5018,233,65,0,55.3781,-3.436,United Kingdom,1
United Kingdom,"","","",2020-03-22,5683,281,93,5309,55.3781,-3.436,United Kingdom,2
United Kingdom,"","","",2020-03-23,6650,335,135,6180,55.3781,-3.436,United Kingdom,3
United Kingdom,"","","",2020-03-24,8077,422,135,7520,55.3781,-3.436,United Kingdom,4
United Kingdom,"","","",2020-03-25,9529,465,135,8929,55.3781,-3.436,United Kingdom,5
United Kingdom,"","","",2020-03-26,11658,578,135,10945,55.3781,-3.436,United Kingdom,6
United Kingdom,"","","",2020-03-27,14543,759,135,13649,55.3781,-3.436,United Kingdom,7
United Kingdom,"","","",2020-03-28,17089,1019,135,15935,55.3781,-3.436,United Kingdom,8
United Kingdom,"","","",2020-03-29,19522,1228,135,18159,55.3781,-3.436,United Kingdom,9
United Kingdom,"","","",2020-03-30,22141,1408,135,20598,55.3781,-3.436,United Kingdom,10
United Kingdom,"","","",2020-03-31,25150,1789,135,23226,55.3781,-3.436,United Kingdom,11
United Kingdom,"","","",2020-04-01,29474,2352,135,26987,55.3781,-3.436,United Kingdom,12
United Kingdom,"","","",2020-04-02,33718,2921,135,30662,55.3781,-3.436,United Kingdom,13
United Kingdom,"","","",2020-04-03,38168,3605,135,34428,55.3781,-3.436,United Kingdom,14
United Kingdom,"","","",2020-04-04,41903,4313,135,37455,55.3781,-3.436,United Kingdom,15
United Kingdom,"","","",2020-04-05,47806,4934,135,42737,55.3781,-3.436,United Kingdom,16
United Kingdom,"","","",2020-04-06,51608,5373,135,46100,55.3781,-3.436,United Kingdom,17
United Kingdom,"","","",2020-04-07,55242,6159,135,48948,55.3781,-3.436,United Kingdom,18
United Kingdom,"","","",2020-04-08,60733,7097,135,53501,55.3781,-3.436,United Kingdom,19
United Kingdom,"","","",2020-04-09,65077,7978,135,56964,55.3781,-3.436,United Kingdom,20
United Kingdom,"","","",2020-04-10,73758,8958,344,64456,55.3781,-3.436,United Kingdom,21
United Kingdom,"","","",2020-04-11,78991,9875,344,68772,55.3781,-3.436,United Kingdom,22
United Kingdom,"","","",2020-04-12,84279,10612,344,73323,55.3781,-3.436,United Kingdom,23
United Kingdom,"","","",2020-04-13,88621,11329,0,77292,55.3781,-3.436,United Kingdom,24
United Kingdom,"","","",2020-04-14,93873,12107,0,81766,55.3781,-3.436,United Kingdom,25
United Kingdom,"","","",2020-04-15,98476,12868,0,85608,55.3781,-3.436,United Kingdom,26
United Kingdom,"","","",2020-04-16,103093,13729,0,89364,55.3781,-3.436,United Kingdom,27
United Kingdom,"","","",2020-04-17,108692,14576,0,94116,55.3781,-3.436,United Kingdom,28
United Kingdom,"","","",2020-04-18,114217,15464,0,98753,55.3781,-3.436,United Kingdom,29
United Kingdom,"","","",2020-04-19,120067,16060,0,104007,55.3781,-3.436,United Kingdom,30
United Kingdom,"","","",2020-04-20,124743,16509,0,108234,55.3781,-3.436,United Kingdom,31
United Kingdom,"","","",2020-04-21,129044,17337,0,111707,55.3781,-3.436,United Kingdom,32
United Kingdom,"","","",2020-04-22,133495,18100,0,115395,55.3781,-3.436,United Kingdom,33
United Kingdom,"","","",2020-04-23,138078,18738,0,119340,55.3781,-3.436,United Kingdom,34
United Kingdom,"","","",2020-04-24,143464,19506,0,123958,55.3781,-3.436,United Kingdom,35
United Kingdom,"","","",2020-04-25,148377,20319,0,128058,55.3781,-3.436,United Kingdom,36
United Kingdom,"","","",2020-04-26,152840,20732,0,132108,55.3781,-3.436,United Kingdom,37
United Kingdom,"","","",2020-04-27,157149,21092,0,136057,55.3781,-3.436,United Kingdom,38
United Kingdom,"","","",2020-04-28,161145,21678,0,139467,55.3781,-3.436,United Kingdom,39
United Kingdom,"","","",2020-04-29,165221,26097,0,139124,55.3781,-3.436,United Kingdom,40
United Kingdom,"","","",2020-04-30,171253,26771,0,144482,55.3781,-3.436,United Kingdom,41
United Kingdom,"","","",2020-05-01,177454,27510,0,149944,55.3781,-3.436,United Kingdom,42
United Kingdom,"","","",2020-05-02,182260,28131,0,154129,55.3781,-3.436,United Kingdom,43
United Kingdom,"","","",2020-05-03,186599,28446,0,158153,55.3781,-3.436,United Kingdom,44
United Kingdom,"","","",2020-05-04,190584,28734,0,161850,55.3781,-3.436,United Kingdom,45
United Kingdom,"","","",2020-05-05,194990,29427,0,165563,55.3781,-3.436,United Kingdom,46
United Kingdom,"","","",2020-05-06,201101,30076,0,171025,55.3781,-3.436,United Kingdom,47
United Kingdom,"","","",2020-05-07,206715,30615,0,176100,55.3781,-3.436,United Kingdom,48
United Kingdom,"","","",2020-05-08,211364,31241,0,180123,55.3781,-3.436,United Kingdom,49
United Kingdom,"","","",2020-05-09,215260,31587,0,183673,55.3781,-3.436,United Kingdom,50
United Kingdom,"","","",2020-05-10,219183,31855,0,187328,55.3781,-3.436,United Kingdom,51
United Kingdom,"","","",2020-05-11,223060,32065,0,190995,55.3781,-3.436,United Kingdom,52
United Kingdom,"","","",2020-05-12,226463,32692,0,193771,55.3781,-3.436,United Kingdom,53
United Kingdom,"","","",2020-05-13,229705,33186,0,196519,55.3781,-3.436,United Kingdom,54
United Kingdom,"","","",2020-05-14,233151,33614,0,199537,55.3781,-3.436,United Kingdom,55
United Kingdom,"","","",2020-05-15,236711,33998,0,202713,55.3781,-3.436,United Kingdom,56
United Kingdom,"","","",2020-05-16,240161,34466,0,205695,55.3781,-3.436,United Kingdom,57
United Kingdom,"","","",2020-05-17,243695,34636,0,209059,55.3781,-3.436,United Kingdom,58
United Kingdom,"","","",2020-05-18,246406,34796,0,211610,55.3781,-3.436,United Kingdom,59
United Kingdom,"","","",2020-05-19,248818,35341,0,213477,55.3781,-3.436,United Kingdom,60
United Kingdom,"","","",2020-05-20,248293,35704,0,212589,55.3781,-3.436,United Kingdom,61
